RegionName,City,State,Metro,CountyName,SizeRank,12/1/2010,1/1/2011,2/1/2011,3/1/2011,4/1/2011,5/1/2011,6/1/2011,7/1/2011,8/1/2011,9/1/2011,10/1/2011,11/1/2011,12/1/2011,1/1/2012,2/1/2012,3/1/2012,4/1/2012,5/1/2012,6/1/2012,7/1/2012,8/1/2012,9/1/2012,10/1/2012,11/1/2012,12/1/2012,1/1/2013,2/1/2013,3/1/2013,4/1/2013,5/1/2013,6/1/2013,7/1/2013,8/1/2013,9/1/2013,10/1/2013,11/1/2013,12/1/2013,1/1/2014,2/1/2014,3/1/2014,4/1/2014,5/1/2014,6/1/2014,7/1/2014,8/1/2014,9/1/2014,10/1/2014,11/1/2014,12/1/2014,1/1/2015,2/1/2015,3/1/2015,4/1/2015,5/1/2015,6/1/2015,7/1/2015,8/1/2015,9/1/2015,10/1/2015,11/1/2015,12/1/2015,1/1/2016,2/1/2016,3/1/2016,4/1/2016,5/1/2016,6/1/2016,7/1/2016,8/1/2016,9/1/2016
10025,New York,NY,New York,New York,1,,,,,,,,,,,,,,,5000,4797.5,4975,5195,5500,5500,5200,5375,5095,5000,5000,5000,4885,4850,5000,5200,5462.5,5500,5325,5695,5600,5125,5000,5200,5650,5700,5550,5472.5,5300,5000,5400,5000,5200,5295,5150,5500,5000,5000,5000,5000,5000,5095.5,5000,4895,4800,4800,4800,4947.5,5000,5075,5000,4947.5,4947.5,4995,4800,4800
60657,Chicago,IL,Chicago,Cook,2,,,,,,,,,,,,,,,3195,3100,3000,3000,2985,2987.5,3025,3050,2995,2972.5,2999,3000,3000,2900,3200,3200,3225,3600,3600,3400,3400,3650,3400,3400,3400,3200,3200,3200,3445,3400,3200,3050,2900,2995,3000,3095,3195,3195,3600,3600,3600,3345,3200,3095,3000,3000,3000,3195,3195,3250,3400,3500,3600,3400,3250,3400
60614,Chicago,IL,Chicago,Cook,3,,,,,,,,,,,,,,,,,,,,,,,,,,,,,,,,,,,4000,3850,3875,3800,3775,3600,3600,3695,3800,3895,3600,3495,3495,3750,3900,3750,3495,3200,3650,3975,3897.5,3847.5,3500,3465,3465,3595,3600,3600,3465,3500,3545,3890,4100,4120,3900,3900
77084,Houston,TX,Houston,Harris,4,,,,,,,,,,,,,,,,,,,,,,,,,,,,,,,,1650,1697.5,1700,1575,1500,1500,1500,1495,1500,1500,1637.5,1650,1625,1550,1600,1600,1675,1650,1650,1675,1651.5,1650,1625,1650,1725,1672.5,1600,1650,1630,1650,1600,1597.5,1625,1687.5,1595,1600,1600,1650,1600
11226,New York,NY,New York,Kings,5,,,,,,,,,,,,,,,,,,,,,,,,,,,,,,,,,,,2650,2875,2875,2750,2699,2750,2750,2700,2699,2900,2575,2672.5,2800,3000,2800,2875,2750,2625,2950,2550,2599,2800,3000,2800,2800,2900,3000,3000,2995,3095,3100,3000,3099,3099,3100,3100
75070,McKinney,TX,Dallas-Fort Worth,Collin,6,,,,1597.5,1675,1650,1600,1650,1650,1750,1695,1650,1650,1650,1700,1650,1772.5,1700,1650,1750,1795,1700,1725,1750,1762.5,1850,1795,1750,1750,1797.5,1750,1795,1795,1795,1750,1750,1750,1725,1750,1750,1795,1830,1800,1812.5,1850,1800,1800,1800,1800,1835,1812.5,1850,1847.5,1895,1900,1872.5,1857.5,1895,1895,1875,1895,1850,1837.5,1850,1900,1995,1985,2000,1985,1997.5
77449,Cypress,TX,Houston,Harris,7,,,,,,,,1300,1300,1350,1350,1325,1312.5,1350,1350,1337.5,1337.5,1350,1300,1350,1350,1350,1395,1400,1400,1477.5,1450,1450,1495,1475,1485,1500,1512.5,1500,1500,1500,1495,1450,1450,1450,1472,1500,1500,1585,1550,1525,1525,1550,1525,1525,1525,1547.5,1550,1550,1525,1525,1550,1600,1595,1550,1517,1525,1525,1537.5,1550,1585,1587.5,1600,1550,1525
77494,Cinco Ranch,TX,Houston,Fort Bend,8,,,,,,,,,,,,2100,2025,2000,2115,2275,2375,2250,2300,2497.5,2300,2225,2100,2200,2347.5,2250,2350,2350,2300,2200,2200,2200,2300,2300,2300,2250,2200,2250,2300,2325,2300,2397.5,2400,2300,2400,2397.5,2350,2300,2300,2350,2350,2400,2400,2400,2400,2400,2375,2350,2350,2262.5,2300,2200,2262.5,2300,2450,2300,2300,2200,2150,2300
28269,Charlotte,NC,Charlotte,Mecklenburg,9,,,,,,,,,,,,,,,,,,,,,,,,,,,,,1372.5,1400,1399,1395,1395,1375,1337.5,1295,1295,1325,1325,1350,1350,1350,1395,1450,1497.5,1495,1425,1420,1425,1400,1450,1550,1497.5,1500,1500,1495,1495,1450,1487.5,1495,1575,1595,1572.5,1575,1545,1515,1400,1495,1535,1550
30349,Riverdale,GA,Atlanta,Clayton,10,,,,,,,1200,1257.5,1250,1200,1187.5,1247.5,1200,1200,1200,1200,1200,1200,1175,1200,1200,1150,1100,1125,1125,1150,1197.5,1200,1200,1195,1200,1200,1200,1200,1200,1200,1200,1175,1190,1200,1200,1225,1200,1150,1152.5,1195,1190,1195,1245,1200,1200,1200,1237,1250,1250,1245,1250,1250,1250,1225,1222.5,1250,1250,1262.5,1295,1250,1300,1230,1297.5,1295
11206,New York,NY,New York,Kings,11,,,,,,,,,,,,,,,,,,,,,,,,,,,,,,,3799,3600,3764.5,3750,3650,3750,3500,3599.5,3600,3595,3500,3399,3399.5,3600,3900,3800,3600,3939.5,4000,3800,3800,3800,3850,3799,3799,3800,3799,3800,3800,3800,3800,3800,3825,3910,3990,4100,4100,3820,4100,3600
77429,Cypress,TX,Houston,Harris,12,,,,,,,,,,,,,,,,,,,,,,,,,,,,,,,,,,,,,,,,1672.5,1750,1800,1800,1825,1962.5,1995,1995,1900,1847.5,1825,1850,1799,1799.5,1924.5,1850,1897.5,1929,1995,1825,1925,1900,1895,1850,1800,1800,1800,1862.5,1950,1750,1950
77479,Sugar Land,TX,Houston,Fort Bend,13,,,,,,,,,,,,,,,,,,,,,,,2180,2300,2325,2225,2400,2300,2300,2425,2350,2425,2300,2450,2275,2500,2500,2600,2500,2500,2400,2490,2450,2300,2250,2197.5,2195,2050,2375,2400,2372.5,2400,2600,2550,2500,2450,2500,2500,2540,2500,2495,2488,2400,2469,2495,2500,2425,2350,2450,2450
30043,Lawrenceville,GA,Atlanta,Gwinnett,14,,,,,,,,1295,1295,1300,1300,1300,1300,1350,1350,1375,1400,1395,1399,1395,1300,1300,1395,1395,1365,1350,1350,1350,1362.5,1300,1350,1350,1350,1375,1395,1395,1395,1385,1385,1395,1395,1450,1450,1450,1425,1400,1450,1450,1425,1412.5,1497.5,1455,1457.5,1412.5,1470,1495,1495,1472.5,1479,1455,1547.5,1550,1497.5,1450,1465,1525,1500,1500,1550,1566.5
77077,Houston,TX,Houston,Harris,15,,,,,,,,,,,,,,,,,,,,,,,,,,,,,,,,,,,,,,,,,,,3200,3000,2812.5,2700,2925,2900,2900,2700,2600,2559,2500,2575,2700,2800,2600,2600,2950,2662.5,2950,2950,2900,2500,2650,2800,2762.5,2812.5,2750,2750
77379,Tomball,TX,Houston,Harris,16,,,,,,,,,,,,,,,,,,,,,,,,,,,,,,1750,1897.5,1850,1897.5,1810,1895,1750,1750,1787.5,1800,1787.5,1800,1790,1750,1750,1800,1895,1995,1879,1800,1859,1859,1895,1925,1925,1959,1954,1954.5,1962.5,1999,1862.5,1892.5,1800,1795,1950,1895,1895,1897.5,1800,1995,1730
11207,New York,NY,New York,Kings,17,,,,,,,,,,,,,,,,,,,,,,,,,,,,,,,,,,,3530,2995,2800,2800,2800,2800,2700,2750,2950,2971,2900,3000,3000,2999,2800,2800,2795,2800,2800,2900,3000,3000,3000,3500,3500,3395,3100,3225,3125,3249.5,3200,3195,3195,3400,3200,2999.5
11215,New York,NY,New York,Kings,18,,,,,,,,,,,,,,,,,,,,,,,,,,,,,,,,,,,,,,,,,,,,,,,,,,,,,,3900,4500,4500,4500,4700,4800,4800,4700,4500,4500,4500,4450,4500,4650,4800,4350,3900
30024,Suwanee,GA,Atlanta,Gwinnett,19,,,,,,,,1597.5,1600,1650,1595,1600,1595,1600,1600,1500,1550,1650,1675,1650,1650,1650,1700,1624.5,1600,1595,1695,1600,1650,1650,1695,1695,1625,1650,1697.5,1700,1799,1750,1750,1749,1700,1695,1700,1795,1850,1800,1799,1762.5,1750,1700,1750,1799.5,1800,1825,1812.5,1837.5,1799,1750,1850,1800,1890,1850,1850,1800,1850,1850,1815,1797,1850,1850
11221,New York,NY,New York,Kings,20,,,,,,,,,,,,,,,,,,,,,,,,,,,,,,,,,,,3000,3050,3050,3147.5,3100,3100,3100,3199,3100,3149,3200,3180,3199,3100,3000,3150,3200,3200,3200,3200,3300,3350,3399,3450,3450,3373,3300,3266,3200,3299,3300,3400,3400,3400,3400,3400
11385,New York,NY,New York,Queens,21,,,,,,,,,,,,,,,,,,,,,,,,,,,,,,,,,,,,,,,,,,,,,,,,,,,3200,3300,3375,3400,3395,3300,3300,3400,3399.5,3400.5,3300,3400,3500,3500,3500,3595,3497,3400,3400,3500
91709,Chino Hills,CA,Riverside,San Bernardino,22,,,,,,,,,,,,,,,2200,2325,2162.5,2349.5,2350,2397.5,2425,2300,2350,2350,2325,2350,2400,2500,2497.5,2500,2450,2400,2425,2500,2400,2350,2350,2450,2400,2400,2400,2400,2350,2400,2497.5,2500,2495,2450,2495,2450,2400,2500,2500,2495,2500,2450,2525,2599.5,2650,2500,2600,2550,2500,2500,2600,2650,2700,2600,2600,2600
33647,Tampa,FL,Tampa,Hillsborough,23,,,1850,1750,1885,2000,1950,1850,1800,1800,1797.5,1725,1800,1750,1850,1850,1872.5,1800,1850,1850,1850,1897.5,1800,1800,1800,1750,1800,1850,1897.5,1925,1999,2100,2000,1995,1970,2000,1995,1895,1850,1850,1850,1895,1900,1900,1850,1895,1850,1840,1900,1865,1875,1895,1900,1925,2000,1965,1930,1945,1910,1900,1850,1900,1900,1905,1940,1995,1995,1995,1975,1995
77450,Cinco Ranch,TX,Houston,Fort Bend,24,,,,,,,,,,,,,,,,,2325,2350,2300,2425,2100,2100,1850,1895,2100,2225,2100,1947.5,2200,2200,2200,2275,2275,2300,2200,2400,2350,2025,2099.5,2000,2000,2200,2300,2250,2272.5,2200,2100,2100,1950,1995,1995,2100,2225,2250,2300,2300,2200,2200,2150,2197.5,2100,2097.5,2050,2200,2200,2500,2295,2100,1972.5,1995
77095,Cypress,TX,Houston,Harris,25,,,,,,,,,,,,,,,,,,,,,,,,,,,,,,,,,,,,,1739.5,1729,1700,1700,1700,1749.5,1750,1750,1825,1809,1799.5,1800,1800,1800,1800,1750,1800,1787.5,1795,1795,1799.5,1837.5,1800,1795,1797,1800,1800,1825,1825,1775,1785,1795,1750,1849.5
92592,Temecula,CA,Riverside,Riverside,26,,,,2100,2100,2099.5,2000,1997.5,1975,1950,2050,1897,1972.5,2100,1950,1967.5,1925,1995,1995,1995,2025,1995,2100,2050,2050,1999.5,1950,1950,2000,2050,2050,2000,2100,2000,2000,2000,2090,2095,2095,2025,2050,2100,2095,2100,2100,2099,2100,1995,2095,2095,2025,2050,2100,2100,2095,2050,2100,2150,2100,2095,2150,2150,2195,2195,2150,2200,2199,2195,2100,2200
32244,Jacksonville,FL,Jacksonville,Duval,27,,,,,,,,,,,,,,,,,,,,,,1150,1150,1150,1140,1150,1150,1095,1100,1200,1162.5,1197.5,1200,1185,1195,1162.5,1200,1245,1212.5,1225,1238,1225,1195,1250,1195,1195,1150,1150,1149,1149.5,1175,1195,1250,1250,1195,1197.5,1200,1212.5,1195,1195,1200,1175,1195,1210,1250,1250,1250,1272.5,1250,1237.5
76244,Fort Worth,TX,Dallas-Fort Worth,Tarrant,28,,,,,,,,1495,1650,1662.5,1595,1694.5,1600,1600,1650,1650,1650,1600,1500,1600,1612.5,1620,1650,1600,1562.5,1562.5,1650,1612.5,1625,1637.5,1650,1628,1620,1650,1710,1695,1695,1695,1695,1675,1675,1700,1750,1700,1695,1675,1675,1725,1695,1600,1650,1725,1700,1785,1742.5,1712.5,1742.5,1795,1745,1795,1859,1795,1750,1750,1795,1745,1795,1800,1750,1750
92336,Fontana,CA,Riverside,San Bernardino,29,,,,,,,2200,2100,2150,2100,2095,2000,1999.5,2000,1999.5,2000,1950,2000,2000,2100,2000,1950,2000,2097.5,2095,2095,2095,2100,2100,2100,2050,2095,2087.5,2097.5,2070,2000,2072.5,2097.5,2100,2100,2100,2150,2150,2199.5,2200,2200,2150,2100,2100,2125,2195,2195,2195,2197.5,2250,2250,2195,2200,2200,2200,2200,2231,2222.5,2250,2250,2300,2287.5,2345,2200,2300
11238,New York,NY,New York,Kings,30,,,,,,,,,,,,,,,,,,,,,,,,,,,,,,,,4300,4150,3999,4000,3995,3995,3900,3800,3800,3900,3895,3795,3900,4000,3800,3800,3800,3800,3900,3997,4218,4500,5000,4500,4400,4300,4225,4100,4500,4500,4500,4495,4000,4000,4000,4000,4000,3895,4000
33186,The Crossings,FL,Miami-Fort Lauderdale,Miami-Dade,31,,,2050,2095,2100,2200,2200,2200,2150,2150,2150,2150,2200,2200,2100,2095,2095,2100,2100,2100,2100,2250,2200,2200,2300,2300,2200,2250,2100,2200,2350,2400,2300,2300,2300,2300,2200,2270,2250,2300,2300,2300,2300,2300,2250,2300,2350,2325,2300,2300,2300,2300,2300,2250,2250,2397.5,2225,2350,2372.5,2332.5,2400,2400,2400,2400,2400,2450,2550,2400,2425,2412.5
11233,New York,NY,New York,Kings,32,,,,,,,,,,,,,,,,,,,,,,,,,,,,,,,,,,,2600,2600,2600,2600,2697.5,2600,2600,2674.5,2700,2700,2800,2875,2899,2837.5,2800,2700,2700,2699,2700,2700,2700,2699.5,2987.5,2850,2800,3000,2850,2850,2800,2800,2800,2800,2679,3000,3000,2972.5
77459,Missouri City,TX,Houston,Fort Bend,33,,,,,,,,,,,,,,,,,,,,,,,,,,,,,,,,,,,,,,1972.5,1950,1950,1995,2100,2137.5,2125,2100,2174,2099.5,2065,2000,2000,2100,2100,2150,2150,2097.5,2200,2200,2175,2100,2072.5,2000,2050,2000,2000,2097.5,1950,2000,1975,1975,2000
2155,Medford,MA,Boston,Middlesex,34,,,,,,,,,,,,,,,,,,,,,,,,,2700,2600,2800,2700,2800,2800,2600,2600,2600,2500,2550,2400,2400,2600,2300,2500,2650,2750,2800,2800,2700,2800,2700,2600,2500,2600,2750,2750,2800,2925,3000,2900,2800,2800,2800,2800,2800,3000,3000,2950,3000,3150,3200,3000,2800,2600
33027,Miramar,FL,Miami-Fort Lauderdale,Broward,35,2250,2350,2400,2400,2450,2500,2495,2497.5,2450,2450,2500,2500,2400,2400,2387.5,2400,2450,2450,2500,2500,2500,2500,2500,2500,2500,2400,2400,2450,2500,2500,2495,2400,2400,2500,2472.5,2500,2450,2500,2500,2500,2500,2595,2600,2600,2562.5,2500,2500,2550,2495,2500,2600,2675,2700,2700,2650,2599,2650,2700,2650,2650,2700,2700,2700,2700,2587.5,2500,2500,2500,2600,2600
30040,Cumming,GA,Atlanta,Forsyth,36,,,,,,,,,,,,,,,,,1650,1750,1720,1637.5,1650,1525,1710,1710,1650,1600,1672.5,1725,1700,1550,1650,1695,1697.5,1700,1675,1695,1672.5,1672.5,1695,1662.5,1650,1695,1597.5,1625,1695,1697.5,1695,1695,1750,1697.5,1700,1772.5,1800,1735,1800,1790,1775,1710,1700,1697,1695,1695,1695,1689,1650,1800,1779.5,1797.5,1795,1695
79938,El Paso,TX,El Paso,El Paso,37,,,,,,,,,,,,,,,,,1370,1370,1350,1325,1272.5,1295,1340,1325,1297.5,1295,1245,1275,1262.5,1250,1250,1250,1250,1250,1250,1295,1297.5,1250,1222.5,1200,1245,1262.5,1272.5,1295,1250,1250,1250,1247.5,1250,1200,1200,1250,1250,1250,1250,1250,1250,1250,1250,1200,1200,1200,1250,1250,1250,1237,1225,1250,1167.5,1200
77845,College Station,TX,College Station,Brazos,38,,,,,,,,,,,,,,,1590,1600,1600,1595,1590,1500,1495,1400,1400,1495,1497.5,1495,1625,1600,1595,1640,1597.5,1592.5,1500,1500,1500,1600,1595,1600,1600,1650,1600,1600,1625,1600,1672.5,1647.5,1797.5,1695,1700,1700,1700,1695,1700,1772.5,1800,1850,1697.5,1662.5,1650,1740,1900,2000,1900,1885,1700,1800,2000,1800,1600,1685
89123,Las Vegas,NV,Las Vegas,Clark,39,,,,,,,,,,,,,,1500,1537.5,1475,1475,1450,1495,1472.5,1500,1495,1462.5,1400,1450,1395,1450,1522.5,1550,1525,1400,1595,1595,1572.5,1550,1497.5,1495,1500,1500,1485,1497.5,1495,1495,1497.5,1500,1500,1500,1595,1550,1575,1595,1550,1550,1550,1595,1512.5,1500,1595,1472.5,1575,1600,1600,1600,1650,1600,1595,1600,1625,1517.5,1600
89052,Henderson,NV,Las Vegas,Clark,40,,,,,,,,,,,,,,2100,2100,2075,2100,1995,1995,1985,1825,1852.5,1947.5,1895,1895,1797.5,1800,1850,1800,1650,1600,1715,1750,1797.5,1795,1795,1745,1725,1800,1795,1750,1750,1700,1700,1850,1895,1895,1950,1925,1900,1900,1995,2037.5,2100,2000,1997.5,1950,1897.5,1795,1800,1837.5,1795,1950,1995,2100,1985,2045,1985,2100,2000
32828,Orlando,FL,Orlando,Orange,41,,,,,,,,1600,1595,1575,1400,1425,1550,1500,1525,1572.5,1550,1500,1550,1550,1500,1500,1550,1550,1500,1550,1595,1595,1575,1595,1550,1595,1675,1595,1595,1595,1595,1595,1595,1595,1595,1637.5,1650,1595,1625,1600,1595,1550,1562.5,1595,1600,1625,1695,1700,1685,1700,1697.5,1600,1600,1625,1699.5,1695,1675,1650,1625,1625,1685,1725,1737.5,1695
89031,North Las Vegas,NV,Las Vegas,Clark,42,,,,,,1225,1250,1250,1250,1250,1200,1200,1200,1200,1200,1225,1275,1250,1200,1195,1195,1195,1200,1195,1195,1195,1199.5,1200,1195,1200,1225,1200,1200,1200,1250,1200,1195,1195,1195,1195,1195,1195,1200,1200,1200,1225,1250,1200,1200,1200,1200,1250,1250,1295,1300,1300,1250,1250,1275,1250,1250,1250,1250,1250,1275,1295,1300,1337.5,1374.5,1350
11213,New York,NY,New York,Kings,43,,,,,,,,,,,,,,,,,,,,,,,,,,,,,,,,,,,,2872.5,2750,2675,2675,2725,2895,3049.5,2975,2937.5,2900,2750,2897,2900,2900,3000,3000,3000,2997,2900,2925,3099.5,3000,2995,2999,3000,3000,2999,2900,2880,2850,2750,2871.5,2850,3100,3150
10031,New York,NY,New York,New York,44,,,,,,,2750,2797,2850,3000,2922.5,2775,2750,2810,2800,2795,2795,2797.5,2900,2895,2785,2797.5,2795,2775,2800,2800,2899,2900,2950,2950,2850,2900,3000,3195,3200,3095,3250,3204,3200,3200,3195,3195,3565,3547.5,3595,3397.5,3395,3400,3300,3200,3000,3225,3347.5,3297.5,3300,3300,3395,3300,3275,3300,3300,3200,3395,3395,3545,3300,3300,3347.5,3400,3300
33414,Wellington,FL,Miami-Fort Lauderdale,Palm Beach,45,,,,,,2250,2300,2300,2425,2237.5,2350,2400,2385,2300,2350,2250,2250,2200,2275,2250,2350,2350,2400,2400,2500,2350,2295,2200,2250,2250,2262.5,2300,2300,2400,2400,2450,2400,2375,2350,2350,2350,2325,2400,2400,2500,2450,2400,2400,2575,2400,2350,2400,2500,2492.5,2480,2475,2500,2600,2550,2690,2700,2600,2597.5,2600,2550,2500,2550,2500,2525,2544.5
75035,Frisco,TX,Dallas-Fort Worth,Collin,46,,,,,,,,,,,,,,,,,,,,,,,,,,,,,,,1795,1850,1985,1950,1995,1900,1900,1897.5,1875,1895,1900,1950,1850,1850,1850,1850,1900,1895,1850,1895,1950,1997.5,2000,1950,1992.5,1950,1995,2000,1962.5,2000,2050,2095,2000,2100,2100,2062.5,2000,2025,2000,2000
77346,Atascocita,TX,Houston,Harris,47,,,,,,,,,,,,,,,,,,,,,,,,,,,,,,,,,,,,,,1800,1700,1637.5,1600,1625,1650,1700,1785,1700,1700,1744.5,1714.5,1700,1762.5,1795,1800,1762.5,1750,1775,1767,1799.5,1775,1750,1767,1750,1799,1824.5,1995,1800,1729,1727,1800,1750
11216,New York,NY,New York,Kings,48,,,,,,,,,,,,,,,,,,,,,3500,3200,3000,2874.5,2900,2800,3000,3000,3200,3200,3449.5,3500,3600,3499,3500,3500,3399,3458,3350,3343,3330,3400,3500,3300,3385,3499,3500,3500,3500,3500,3500,3525,3600,3600,3600,3600,3700,3700,3700,3700,3800,3800,3798,3600,3685,3700,3700,3792.5,3700,3750
30101,Acworth,GA,Atlanta,Cobb,49,,,,,,,,,,,,,,,,,,,,,,1462.5,1400,1425,1400,1412.5,1400,1425,1595,1462.5,1482.5,1495,1500,1550,1525,1525,1450,1500,1500,1500,1487,1600,1500,1495,1525,1572.5,1595,1472.5,1575,1496,1429,1550,1600,1585,1595,1600,1572.5,1600,1595,1582.5,1600,1647.5,1600,1595,1525,1582,1600,1595,1650,1500
2135,Boston,MA,Boston,Suffolk,50,,2600,2600,2587.5,2600,2550,2500,2500,2500,2550,2600,2700,2725,2700,2650,2650,2700,2800,2700,2700,2650,2800,2800,2800,2800,2800,2900,2950,2950,3000,3000,3000,3000,3000,2950,2950,2950,2982.5,3000,3000,3100,3100,3000,3100,3100,3200,3149.5,3200,3200,3200,3199,3200,3200,3200,3100,3100,3100,3050,3000,3050,3100,3200,3200,3200,3300,3300,3340,3300,3200,3200
28540,Jacksonville,NC,Jacksonville,Onslow,51,,,,,1200,1175,1175,1125,1117.5,1085,990,990,1042.5,1000,995,1100,1225,1300,1297,1250,1200,1150,1075,1075,1050,1025,1050,1050,1100,1100,1200,1100,1100,1090,1100,1092.5,1150,1100,1085,1100,1200,1200,1200,1200,1200,1200,1200,1200,1200,1142.5,1150,1195,1250,1275,1250,1225,1200,1162.5,1100,1092.5,1050,1050,1085,1095,1095,1200,1200,1250,1175,1097.5
89147,Las Vegas,NV,Las Vegas,Clark,52,,,,,,,,,,,,,,1300,1300,1300,1350,1350,1350,1350,1350,1350,1300,1300,1300,1300,1325,1350,1495,1450,1397.5,1300,1300,1375,1385,1395,1395,1375,1400,1400,1400,1400,1420,1432.5,1375,1450,1450,1395,1395,1485,1425,1400,1450,1467.5,1450,1485,1496.5,1350,1400,1400,1395,1407.5,1500,1625,1535,1495,1600,1530,1395,1400
28546,Jacksonville,NC,Jacksonville,Onslow,53,,,,1250,1250,1200,1250,1250,1300,1300,1297.5,1250,1200,1195,1195,1175,1200,1250,1250,1250,1200,1221,1225,1200,1150,1150,1160,1167.5,1185,1250,1200,1200,1195,1175,1195,1125,1100,1100,1095,1095,1100,1200,1200,1200,1200,1200,1150,1100,1100,1100,1100,1100,1150,1195,1175,1137.5,1100,1100,1100,1100,1100,1150,1100,1112.5,1200,1250,1185,1150,1212.5,1100
75025,Plano,TX,Dallas-Fort Worth,Collin,54,,,,,,,,,,,,,,,,,,,,,,1850,1825,1800,1775,1705,1800,1800,1895,1925,1970,1900,1900,1950,1950,1995,2050,1995,1950,1950,1950,1972.5,1995,2095,2097.5,1995,1995,1999,1995,1950,1995,2000,2095,2000,2100,2150,2200,2100,2147.5,2100,2072,1999.5,2072.5,2000,2000,2100,2125,2150,2200,2150
92563,Murrieta,CA,Riverside,Riverside,55,,,,,,,,1872.5,1972.5,1895,1895,1897.5,1950,1950,1900,1900,1900,1900,1900,1850,1850,1850,1850,1897,1897,1900,1895,1895,1895,1900,1900,1900,1900,1900,1900,1900,1895,1899,1895,1875,1895,1962.5,1925,1907.5,1950,1995,1975,1945,1937.5,1950,1950,1928,1998,2000,2000,2095,1999.5,1995,1995,2097.5,2000,1995,2000,2000,1995,2050,2100,2000,2100,2195
92880,Eastvale,CA,Riverside,Riverside,56,,,,,,,,,,,,,,2300,2300,2300,2350,2300,2300,2300,2300,2300,2272.5,2300,2300,2300,2300,2300,2300,2280,2250,2297.5,2300,2300,2350,2300,2300,2300,2300,2300,2300,2300,2300,2350,2337.5,2300,2345,2300,2300,2300,2300,2300,2350,2325,2400,2400,2400,2400,2400,2400,2400,2400,2400,2450,2450,2400,2450,2500,2500,2325
77375,Tomball,TX,Houston,Harris,57,,,,,,,,,,,,,,,,,,,,,,,,,,,,,,,,,,,,,,,,1725,1800,1800,1800,1800,1700,1800,1895,1800,1797.5,1750,1787.5,1725,1725,1787.5,1950,1895,1775,1787.5,1850,1925,1800,1815,1857.5,1900,2000,1972.5,1922.5,1900,1850,1748.5
22554,Stafford,VA,Washington,Stafford,58,,,,,,,,,,,,,,,,,,,,,,,,,,,,2000,1950,2025,2100,2100,2100,2075,2100,2000,1975,1975,1987.5,2060,2100,2100,2100,2100,2150,2100,2150,2050,2050,2025,2050,2150,2200,2200,2200,2200,2150,2025,2000,2000,2050,2100,2100,2150,2200,2100,2200,2122.5,2200,2100
89148,Las Vegas,NV,Las Vegas,Clark,59,,,,,,,,,,,,,,1547.5,1495,1495,1450,1445,1495,1400,1395,1400,1395,1350,1350,1350,1350,1395,1500,1500,1475,1475,1450,1472.5,1450,1395,1400,1397.5,1450,1450,1450,1500,1500,1450,1500,1500,1450,1450,1462.5,1495,1450,1472.5,1512,1450,1400,1500,1585,1495,1495,1535,1500,1595,1595,1550,1497.5,1550,1550,1500,1450,1499
33033,Homestead,FL,Miami-Fort Lauderdale,Miami-Dade,60,,1350,1350,1400,1450,1500,1400,1400,1400,1375,1395,1400,1350,1350,1400,1400,1400,1399,1400,1399,1350,1400,1375,1450,1450,1500,1535,1547.5,1550,1500,1500,1550,1500,1500,1500,1500,1500,1550,1500,1500,1497.5,1495,1500,1545,1497.5,1495,1495,1600,1600,1587.5,1535,1600,1600,1600,1500,1500,1600,1600,1600,1600,1700,1712.5,1737.5,1712.5,1700,1700,1700,1775,1750,1750
19121,Philadelphia,PA,Philadelphia,Philadelphia,61,,,,,,,,,,,,,,2400,2350,2300,2200,2200,2100,2000,2000,2000,2100,2200,2300,2200,2260,2300,2300,2100,2100,2000,2000,1950,2150,2400,2100,2200,2200,2200,2200,2000,2000,2000,2000,2000,2000,2200,2200,2200,2200,2200,2200,2100,2100,2000,2000,2100,2200,2200,2200,2200,2200,2200,2200,2200,2100,2000,2000,2000
33178,Doral,FL,Miami-Fort Lauderdale,Miami-Dade,62,,2500,2500,2500,2575,2500,2650,2600,2600,2550,2525,2600,2600,2700,2650,2650,2700,2700,2700,2800,2600,2595,2600,2650,2700,2600,2600,2600,2700,2800,2750,2700,2700,2650,2650,2650,2650,2650,2650,2600,2590,2699,2750,2800,2800,2750,2750,2700,2700,2700,2800,2800,2800,2899.5,2975,2850,2899.5,2950,3000,2900,2899.5,2900,2900,2950,2900,3000,2800,2850,2850,3000
75068,Little Elm,TX,Dallas-Fort Worth,Denton,63,,,,,,,,,,,,,,,,,,,,,,,,,,,,1695,1650,1650,1597,1650,1650,1600,1600,1600,1600,1600,1600,1595,1600,1650,1700,1650,1650,1695,1695,1700,1750,1795,1700,1750,1700,1772.5,1795,1835,1850,1850,1795,1750,1797.5,1850,1837.5,1850,1850,2000,1795,1795,1850,1850
75071,McKinney,TX,Dallas-Fort Worth,Collin,64,,,,,,,,,,,,,,,,,,,,,,,,,,,,,,1572.5,1597.5,1677.5,1650,1672.5,1637.5,1600,1600,1662.5,1695,1675,1650,1692.5,1725,1750,1697.5,1650,1695,1695,1697.5,1797.5,1800,1797.5,1800,1785,1750,1825,1850,1795,1790,1812.5,1795,1795,1795,1795,1850,1800,1850,1762.5,1847,1800
43201,Columbus,OH,Columbus,Franklin,65,,,,,,,,,,,,,,,,,,,,,,,,,,,,,,,,,,,,,,,,,,,,,,,,,,,,,,,,,,,1900,1900,1875,1995,2000,1995,1900,1925,1775,1800,1650,1900
11205,New York,NY,New York,Kings,66,,,,,,,,,,,,,,,,,,,,,,,,,,,,,,,,,,,,,3600,3644,3600,3595,3685,3900,3970,3875,3975,4000,3999.5,3999,3995,3899,3875,4000,3800,3800,3995,3995,3995,3662,3995,3800,3800,3975,3975,3950,3950,3985,4150,3850,3900,3995
77407,Richmond,TX,Houston,Fort Bend,67,,,,,,,,,,,,,,,,,,,,,,,,,,,,,,,,,,,,,,,,1897.5,1900,2000,2095,2100,2150,1950,1900,1950,2050,2100,1932.5,1825,1895,1925,1895,1872.5,1850,1850,1850,1870,1900,1900,1850,1850,1950,1800,1950,1875,1850,1950
34746,Kissimmee,FL,Orlando,Osceola,68,,,,,,,,,,,,,,,,,,,,,,,,,,,,,,,,,,,,,,,,,,,,,,1350,1400,1395,1395,1395,1400,1495,1460,1450,1450,1450,1495,1450,1450,1495,1495,1500,1497.5,1500,1500,1550,1495,1500,1540,1550
30519,Buford,GA,Atlanta,Gwinnett,69,,,,,,,,,,,,,,,,,1295,1300,1350,1350,1300,1295,1372.5,1362.5,1350,1395,1395,1395,1395,1310,1350,1362.5,1395,1397.5,1400,1400,1400,1400,1400,1400,1400,1437.5,1400,1400,1425,1400,1450,1450,1462.5,1450,1450,1500,1500,1525,1500,1500,1481.5,1495,1480,1500,1549,1500,1500,1537.5,1532.5,1500,1497.5,1525,1500,1503.5
2130,Boston,MA,Boston,Suffolk,70,,,,,,,,,,,,,,,,,,,,,,,,,,3000,3000,3000,3000,3000,3200,3100,3200,3200,3000,2950,3200,3200,3187.5,3000,3100,3100,3200,3100,3000,3000,3000,3100,3200,3362.5,3300,3400,3400,3400,3400,3200,3200,3000,2900,3000,3100,3300,3500,3400,3400,3400,3400,3400,3400,3300
33196,The Hammocks,FL,Miami-Fort Lauderdale,Miami-Dade,71,,,,,2000,2150,2150,2150,2267.5,2300,2250,2200,2100,2200,2200,2200,2175,2175,2150,2270,2300,2200,2195,2200,2200,2200,2200,2300,2300,2300,2300,2300,2300,2292,2289,2299,2255,2271.5,2299,2299,2250,2295,2250,2250,2310,2300,2300,2300,2300,2300,2200,2250,2312.5,2272.5,2300,2300,2295,2292.5,2300,2400,2400,2375,2385,2370,2325,2472.5,2400,2499.5,2375,2450
34786,Windermere,FL,Orlando,Orange,72,,,,,,,,,,,,,,,1925,2200,2100,2100,2150,2225,2050,2200,2212.5,2000,2212.5,1997.5,1962.5,1950,1997.5,2200,2295,2295,2272.5,2295,2200,2195,2100,2100,2100,2100,2100,2050,1900,2000,2025,2025,2050,1995,2001,2050,2095,2100,2200,2150,2350,2200,2350,2300,2275,2150,2150,2170,2200,2300,2500,2350,2545,2200,2275,2450
2139,Cambridge,MA,Boston,Middlesex,73,,,,,,,,,,,,,,,,,,,,,,,,,,,3975,4000,4000,4000,3800,3800,3900,3850,4000,3975,3975,3850,3950,3950,3935,3950,3875,4000,4000,3800,3599,3525,3574.5,3699.5,3925,4000,4000,4000,4000,3900,3800,3599.5,3300,3250,3450,3500,4000,4190,4400,4400,4200,4200,4175,4137.5
11237,New York,NY,New York,Kings,74,,,,,,,,,,,,,,,,,,,,,,,,,,,,,,,,,,,,,,,,,,,,,3537.5,3725,3595,3516,3474.5,3600,3600,3499.5,3600,3700,3795,3800,3900,3800,3799.5,3995,3900,3900,3785,3860,3999,3850,3799,3696.5,3750,3900
30813,Grovetown,GA,Augusta,Columbia,75,,,,,,,,,,,,,,,,,,,,,,,,,,,1285,1295,1297.5,1295,1275,1262.5,1225,1200,1225,1250,1250,1250,1250,1250,1250,1250,1250,1295,1295,1295,1295,1250,1262.5,1295,1325,1300,1295,1295,1300,1300,1350,1300,1295,1295,1300,1300,1300,1350,1395,1395,1395,1350,1362.5,1272.5
2128,Boston,MA,Boston,Suffolk,76,,,,,,,,,,,,,,,,,,,,,,,,,,,,,,,,,,,,,,,,,,,,,,,,,,2800,2900,2900,2900,2850,2800,2700,2725,2600,2400,2400,2600,2800,2950,2950,2950,2950,3000,2900,2800,2800
2446,Brookline,MA,Boston,Norfolk,77,,,,,,,,,,,,,3275,3500,3500,3500,3600,3600,3600,3600,3600,3600,3695,3700,3700,3800,3800,3800,3800,3800,3800,3800,3700,3700,3697,3800,3800,3950,4000,4000,4100,4000,3997.5,3900,3800,3750,3700,3800,3950,4000,4000,4000,4000,4000,4000,4000,3950,3900,3800,4000,4200,4300,4200,4150,4150,4000,4000,4000,3995,3900
32824,Meadow Woods,FL,Orlando,Orange,78,,,,,,,,,,,,,,,,,,,1400,1462.5,1425,1425,1400,1400,1450,1400,1397.5,1350,1397.5,1400,1400,1400,1400,1450,1450,1450,1425,1450,1437.5,1425,1412.5,1475,1475,1495,1462.5,1495,1525,1500,1500,1499,1500,1500,1500,1500,1550,1575,1550,1550,1537.5,1550,1495,1595,1595,1550,1600,1600,1575,1575,1512.5,1675
33029,Pembroke Pines,FL,Miami-Fort Lauderdale,Broward,79,,,2400,2500,2547.5,2500,2500,2545,2600,2500,2650,2625,2625,2500,2500,2600,2600,2500,2500,2500,2500,2500,2600,2550,2597.5,2625,2500,2700,2700,2590,2500,2550,2600,2535,2500,2500,2500,2550,2550,2537.5,2520,2520,2600,2600,2600,2550,2500,2500,2500,2550,2500,2500,2500,2600,2600,2600,2590,2650,2600,2575,2600,2695,2650,2650,2672.5,2595,2697.5,2597.5,2554.5,2550
32065,Orange Park,FL,Jacksonville,Clay,80,,,,,,,,,,,,,,,,,,1450,1400,1350,1447.5,1450,1417.5,1397.5,1400,1399,1400,1500,1450,1395,1395,1495,1425,1450,1462.5,1450,1485,1485,1450,1450,1450,1495,1472.5,1500,1495,1475,1495,1495,1495,1495,1525,1522.5,1500,1500,1525,1500,1500,1500,1495,1432.5,1450,1495,1500,1495,1585,1500,1450,1450,1575,1575
77389,The Woodlands,TX,Houston,Montgomery,81,,,,,,,,,,,,,,,,,,,,,,,,,,,,,,,,,,,,,,,2500,2450,2500,2600,2500,2497.5,2675,2550,2525,2500,2500,2500,2500,2525,2500,2600,2600,2575,2500,2497.5,2400,2400,2400,2395,2400,2400,2475,2500,2400,2600,2450,2400
11937,East Hampton,NY,New York,Suffolk,82,,,,,,,,,,,,,,,,,,,,,,,,,,,,,,,,,,,,,,,,,,,,,,,,,,,,,,,32000,29000,31000,33000,35000,35000,38000,39000,39000,39900,40000,38000,39450,36250,38000,36500
33076,Coral Springs,FL,Miami-Fort Lauderdale,Broward,83,,,,,,,,,2700,2725,2795,2725,2600,2525,2550,2700,2700,2800,2750,2750,2762.5,2700,2700,2800,2800,2795,2700,2700,2800,2900,2950,2700,2700,2800,2800,2750,2800,2800,2800,2850,2850,2800,2750,2800,2800,2700,2800,3000,3200,3150,3050,3000,2997.5,2950,2990,2900,2900,3200,2887.5,2800,2800,2812.5,2850,2850,2800,2950,2900,2899,2825,3050
89081,North Las Vegas,NV,Las Vegas,Clark,84,,,,,,,,,,,,,,1225,1235,1200,1250,1272.5,1300,1250,1197,1200,1200,1195,1200,1200,1195,1200,1200,1200,1200,1247.5,1245,1237.5,1250,1275,1200,1200,1200,1250,1200,1250,1250,1200,1200,1200,1275,1250,1272.5,1249,1250,1250,1250,1250,1225,1237.5,1250,1250,1212.5,1225,1250,1250,1295,1295,1295,1250,1295,1250,1295,1250
2119,Boston,MA,Boston,Suffolk,85,,,,,,,,,,,,,,,,,,,,,,,,,2225,2200,2400,2400,2500,2500,2500,2500,2475,2425,2400,2400,2150,2400,2500,2600,2800,2800,2800,2800,2597.5,2500,2400,2450,2600,3000,3000,3100,3100,3050,2950,2800,2750,2600,2500,2700,2800,3200,3200,3200,3200,3200,3225,3150,2800,2800
89141,Las Vegas,NV,Las Vegas,Clark,86,,,,,,,,1525,1537.5,1472.5,1397.5,1300,1350,1397.5,1350,1395,1625,1612.5,1547.5,1500,1600,1600,1585,1562.5,1500,1495,1487.5,1495,1500,1550,1495,1475,1495,1495,1495,1495,1495,1425,1400,1450,1495,1595,1547.5,1495,1495,1500,1495,1497.5,1575,1497.5,1497.5,1500,1600,1547.5,1597.5,1600,1600,1575,1597.5,1600,1650,1695,1650,1550,1550,1600,1600,1572.5,1600,1525
2144,Somerville,MA,Boston,Middlesex,87,,,,,,,,,,,,,,,,,,,,,,,3000,3000,3000,3000,3000,3325,3350,3300,3400,3350,3250,3200,3300,3200,3200,3100,3200,3200,3300,3250,3475,3500,3400,3200,3200,3200,3200,3200,3200,3350,3600,3800,3800,3800,3600,3450,3500,3500,3500,3425,3400,3800,3850,3800,3925,4000,3775,3450
2145,Somerville,MA,Boston,Middlesex,88,,,,,,,,,,,,,,,,,,,,,,,,,,2400,2500,2500,2500,2550,2600,2500,2550,2600,2600,2400,2400,2400,2600,2600,2800,2850,2975,2875,2887.5,2850,2800,2600,2600,2700,2700,2900,2900,2900,3000,2900,2887.5,2800,2800,2800,2800,2800,2900,3000,3000,3200,3175,3200,3200,3100
2134,Boston,MA,Boston,Suffolk,89,,,2600,2800,2800,2800,2700,2700,2700,2750,2600,2525,2800,3000,2972.5,3000,2950,2950,2800,2800,2800,2800,2800,2800,2950,3000,3050,3050,3000,3000,3000,3000,3000,3000,3000,3000,3025,3200,3200,3200,3200,3200,3200,3200,3200,3200,3000,3100,3200,3300,3400,3300,3300,3300,3250,3200,3200,3100,3100,3200,3400,3500,3500,3500,3500,3500,3400,3400,3300,3300
2140,Cambridge,MA,Boston,Middlesex,90,,,,,,,,,,,,,,,,,,,,,,,,,,,,,,,,,,,,,,,,,,,,,,,,,,,,4000,4200,4100,4050,4000,4000,3900,3800,3850,3800,3950,4050,4400,4400,4500,4200,4100,4100,4250
33579,Riverview,FL,Tampa,Hillsborough,91,,,,,,,,,,,,,1295,1337.5,1350,1350,1372.5,1350,1362.5,1325,1350,1375,1395,1350,1412.5,1500,1475,1450,1462.5,1500,1550,1545,1500,1500,1495,1475,1475,1412.5,1450,1400,1400,1500,1485,1475,1495,1500,1495,1497.5,1495,1495,1475,1477.5,1507.5,1512.5,1550,1525,1550,1525,1500,1500,1495,1525,1550,1550,1537.5,1550,1550,1595,1550,1590
33897,Citrus Ridge,FL,Orlando,Osceola,92,,,,,,,,,,,,,,,,,,,,,,,,,,,,,,,,,,,,,,,,,,,,,,,,,,,,,,,,,1450,1450,1395,1450,1450,1495,1450,1450,1400,1595,1499.5,1525,1450,1500
2445,Brookline,MA,Boston,Norfolk,93,,,,,,,,,,,,,,,3050,3200,3200,3200,3200,3200,3200,3200,3200,3100,3200,3197,3200,3250,3300,3250,3300,3400,3200,3250,3200,3200,3200,3200,3400,3400,3475,3500,3700,3800,3700,3600,3400,3300,3395,3460,3600,3600,3600,3600,3600,3500,3500,3500,3500,3400,3400,3460,3800,3800,3800,3800,3800,3697.5,3600,3650
33185,Kendall West,FL,Miami-Fort Lauderdale,Miami-Dade,94,,,,,,,,,,,,,,,,,,2250,2300,2200,2450,2500,2500,2500,2500,2500,2400,2450,2425,2400,2400,2400,2400,2475,2500,2500,2500,2470,2500,2500,2500,2500,2510,2500,2500,2500,2512.5,2500,2500,2500,2550,2550,2500,2450,2400,2495,2500,2500,2400,2495,2585,2600,2570,2600,2500,2512.5,2475,2500,2525,2400
2120,Boston,MA,Boston,Suffolk,95,,,,,,,,,,,,,3600,3400,3400,3400,3250,3250,3300,3300,3400,3400,3400,3400,3500,3600,3600,3600,3600,3600,3600,3600,3600,3600,3600,3725,3800,3800,3800,3900,3900,3900,3825,3900,3800,3700,3800,3900,4000,4000,4000,4000,3997.5,4000,3937.5,3900,3750,3600,3600,3800,4000,4100,4100,4100,4000,4000,3900,3800,3750,3600
2458,Newton,MA,Boston,Middlesex,96,,,,,,,,,,,,,,,,,,,,,,,,,,,,,,,,,,,,,,,,,,,,,,,,,,,,,,3150,3400,3300,3400,3400,3500,3700,3500,3850,3500,3500,3600,3500,3600,3400,2950,3400